code,transcript_id
L01,biosafety_officer_auditor__seed05__base
L02,grad_student__seed01__base
L03,biosecurity_policy_researcher__seed06__base
L04,overt_evader__seed00__base
L05,overt_evader__seed05__base
L06,diagnostic_lab_tech__seed04__base
L07,fragmenter__seed06__base
L08,biosafety_officer_auditor__seed07__base
L09,overt_evader__seed01__base
L10,underfunded_lab_shortcut__seed01__base
L11,underfunded_lab_shortcut__seed00__base
L12,journalist__seed05__base
L13,diagnostic_lab_tech__seed03__base
L14,grad_student__seed07__base
L15,fragmenter__seed07__base
L16,biosecurity_policy_researcher__seed07__base
L17,biosecurity_policy_researcher__seed00__base
L18,journalist__seed03__base
L19,journalist__seed00__base
L20,fragmenter__seed04__base
L21,underfunded_lab_shortcut__seed03__base
L22,biosafety_officer_auditor__seed04__base
L23,diagnostic_lab_tech__seed06__base
L24,grad_student__seed05__base
